patient_id,mean_radius,mean_texture,mean_perimeter,mean_area,mean_smoothness,mean_compactness,mean_concavity,mean_concave_points,mean_symmetry,mean_fractal_dimension,radius_error,texture_error,perimeter_error,area_error,smoothness_error,compactness_error,concavity_error,concave_points_error,symmetry_error,fractal_dimension_error,worst_radius,worst_texture,worst_perimeter,worst_area,worst_smoothness,worst_compactness,worst_concavity,worst_concave_points,worst_symmetry,worst_fractal_dimension
PATIENT_001,17.99,10.38,122.8,1001.0,0.11840,0.27760,0.30010,0.14710,0.2419,0.07871,1.0950,0.9053,8.589,153.40,0.006399,0.04904,0.05373,0.01587,0.03003,0.006193,25.38,17.33,184.6,2019.0,0.1622,0.6656,0.7119,0.2654,0.4601,0.11890
PATIENT_002,20.57,17.77,132.9,1326.0,0.08474,0.07864,0.08690,0.07017,0.1812,0.05667,0.5435,0.7339,3.398,74.08,0.005225,0.01308,0.01860,0.01340,0.01389,0.003532,24.99,23.41,158.8,1956.0,0.1238,0.1866,0.2416,0.1860,0.2750,0.08902
PATIENT_003,19.69,21.25,130.0,1203.0,0.10960,0.15990,0.19740,0.12790,0.2069,0.05999,0.7456,0.7869,4.585,94.03,0.006150,0.04006,0.03832,0.02058,0.02250,0.004571,23.57,25.53,152.5,1709.0,0.1444,0.4245,0.4504,0.2430,0.3613,0.08758
PATIENT_004,11.42,20.38,77.58,386.1,0.14250,0.28390,0.24140,0.10520,0.2597,0.09744,0.4956,1.1560,3.445,27.23,0.009110,0.07458,0.05661,0.01867,0.05963,0.009208,14.91,26.50,98.87,567.7,0.2098,0.8663,0.6869,0.2575,0.6638,0.17300
PATIENT_005,20.29,14.34,135.1,1297.0,0.10030,0.13280,0.19800,0.10430,0.1809,0.05883,0.7572,0.7813,5.438,94.44,0.011490,0.02461,0.05688,0.01885,0.01756,0.005115,22.54,16.67,152.2,1575.0,0.1374,0.2050,0.4000,0.1625,0.2364,0.07678